{
	"schemaVersion": 1,
	"id": "autototem",
	"version": "${version}",
	"name": "AutoTotem",
	"description": "This is an example description! Tell everyone what your mod is about!",
	"authors": [
		"Me!"
	],
	"contact": {
		"homepage": "https://fabricmc.net/",
		"sources": "https://github.com/FabricMC/fabric-example-mod"
	},
	"license": "CC0-1.0",
	"icon": "assets/autototem/icon.png",
	"environment": "*",
	"entrypoints": {
		"main": [
			"com.yourname.autototem.AutoTotem"
		],
		"fabric-datagen": [
			"com.yourname.autototem.AutoTotemDataGenerator"
		]
	},
	"mixins": [
		"autototem.mixins.json"
	],
	"depends": {
		"fabricloader": ">=0.16.14",
		"minecraft": "~1.21.1",
		"java": ">=21",
		"fabric-api": "*"
	},
	"suggests": {
		"another-mod": "*"
	}
}