{
	"schemaVersion": 1,
	"id": "butterfly-kits",
	"version": "${version}",
	"name": "butterfly-kits",
	"description": "This is an example description! Tell everyone what your mod is about!",
	"authors": [
		"Me!"
	],
	"contact": {
		"homepage": "https://fabricmc.net/",
		"sources": "https://github.com/FabricMC/fabric-example-mod"
	},
	"license": "CC0-1.0",
	"icon": "assets/butterfly-kits/icon.png",
	"environment": "*",
	"entrypoints": {
		"main": [
			"com.sharpkingyt.butterflykits.Butterflykits"
		],
		"client": [
			"com.sharpkingyt.butterflykits.ButterflykitsClient"
		]
	},
	"mixins": [
		"butterfly-kits.mixins.json",
		{
			"config": "butterfly-kits.client.mixins.json",
			"environment": "client"
		}
	],
	"depends": {
		"fabricloader": ">=0.17.2",
		"minecraft": "~1.21.1",
		"java": ">=21",
		"fabric-api": "*"
	},
	"suggests": {
		"another-mod": "*"
	}
}